{
  "CompilationUnit": {
    "imports": [
      {
        "path": "java.util.Random",
        "static": false,
        "wildcard": false
      }
    ],
    "package": null,
    "types": [
      {
        "ClassDeclaration": {
          "annotations": [],
          "name": "Addition",
          "modifiers": ["public"],
          "body": [
            {
              "MethodDeclaration": {
                "annotations": [],
                "name": "main",
                "modifiers": ["static", "public"],
                "parameters": [
                  {
                    "name": "args",
                    "type": {
                      "name": "String",
                      "dimensions": [null],
                      "arguments": null,
                      "sub_type": null
                    },
                    "varargs": false
                  }
                ],
                "return_type": null,
                "body": [
                  {
                    "LocalVariableDeclaration": {
                      "annotations": [],
                      "declarators": [
                        {
                          "name": "rand",
                          "dimensions": [],
                          "initializer": {
                            "type": "ClassCreator",
                            "arguments": [],
                            "type_name": "Random"
                          }
                        }
                      ],
                      "type": {
                        "name": "Random",
                        "arguments": null,
                        "dimensions": [],
                        "sub_type": null
                      }
                    }
                  },
                  {
                    "LocalVariableDeclaration": {
                      "annotations": [],
                      "declarators": [
                        {
                          "name": "num1",
                          "dimensions": [],
                          "initializer": {
                            "type": "MethodInvocation",
                            "member": "nextInt",
                            "arguments": [
                              {
                                "value": 10,
                                "type": "Literal"
                              }
                            ]
                          }
                        }
                      ],
                      "type": {
                        "name": "int",
                        "dimensions": [],
                        "arguments": null
                      }
                    }
                  },
                  {
                    "LocalVariableDeclaration": {
                      "declarators": [
                        {
                          "name": "num2",
                          "initializer": {
                            "type": "MethodInvocation",
                            "member": "nextInt",
                            "arguments": [
                              {
                                "value": 10,
                                "type": "Literal"
                              }
                            ]
                          }
                        }
                      ],
                      "type": {
                        "name": "int"
                      }
                    }
                  },
                  {
                    "LocalVariableDeclaration": {
                      "declarators": [
                        {
                          "name": "sum",
                          "initializer": {
                            "type": "BinaryOperation",
                            "operator": "+",
                            "operandl": {
                              "member": "num1",
                              "type": "MemberReference"
                            },
                            "operandr": {
                              "member": "num2",
                              "type": "MemberReference"
                            }
                          }
                        }
                      ],
                      "type": {
                        "name": "int"
                      }
                    }
                  },
                  {
                    "StatementExpression": {
                      "expression": {
                        "type": "MethodInvocation",
                        "member": "println",
                        "arguments": [
                          {
                            "member": "sum",
                            "type": "MemberReference"
                          }
                        ],
                        "qualifier": "System.out"
                      }
                    }
                  }
                ]
              }
            }
          ]
        }
      }
    ]
  }
}
