{
  "CompilationUnit": {
    "imports": [
      {
        "path": "java.util.Random",
        "static": false,
        "wildcard": false
      }
    ],
    "package": null,
    "types": [
      {
        "ClassDeclaration": {
          "name": "Addition",
          "modifiers": ["public"],
          "body": [
            {
              "MethodDeclaration": {
                "name": "main",
                "modifiers": ["public", "static"],
                "parameters": [
                  {
                    "name": "args",
                    "type": "String[]",
                    "varargs": false
                  }
                ],
                "body": [
                  {
                    "VariableDeclaration": {
                      "type": "Random",
                      "name": "rand",
                      "initializer": "new Random()"
                    }
                  },
                  {
                    "VariableDeclaration": {
                      "type": "int",
                      "name": "num1",
                      "initializer": "rand.nextInt(10)"
                    }
                  },
                  {
                    "VariableDeclaration": {
                      "type": "int",
                      "name": "num2",
                      "initializer": "rand.nextInt(10)"
                    }
                  },
                  {
                    "VariableDeclaration": {
                      "type": "int",
                      "name": "sum",
                      "initializer": "num1 + num2"
                    }
                  },
                  {
                    "PrintStatement": {
                      "value": "System.out.println(sum)"
                    }
                  }
                ]
              }
            }
          ]
        }
      }
    ]
  }
}
